,fatia,persistencia,sazonal_naive_288,media_movel_288,patchtst_s42,patchtst_s7,patchtst_s123,patchtst_s2024,patchtst_s999,patchtst_media,patchtst_dp,dlinear_s42,dlinear_s7,dlinear_s123,dlinear_s2024,dlinear_s999,dlinear_media,dlinear_dp
2024-04-19,2024-04-19→2024-04-28,0.24166666666666675,0.3019097222222222,0.31163821373456807,0.23166991349723606,0.25861109534899396,0.26057929886711967,0.22573386758565903,0.24240016765064665,0.2437988685899311,0.015623676576689654,0.2871645458539327,0.2760237755046951,0.2515776988201671,0.2603986526528994,0.26843786163462535,0.268720506893264,0.013754356769443274
2024-04-20,2024-04-19→2024-04-28,0.15826388888888893,0.24743055555555557,0.24743055555555518,0.16818075117137699,0.18118781831529407,0.20181637161307867,0.14879644566112096,0.10112369709544713,0.16022101677126355,0.038262748532482495,0.09166371064053642,0.07736021091540657,0.04796135081185236,0.06527550836404167,0.06349044031567046,0.0691502442095015,0.016357535614045456
2024-04-21,2024-04-19→2024-04-28,0.19673611111111122,0.052500000000000026,0.10028260030864203,0.09109849048985375,0.07373105128606161,0.05390818132294552,0.06918277101384272,0.05670418401559196,0.06892493562565911,0.014913764127870615,0.0631390797429615,0.045590684877501626,0.04494853883981709,0.045007460249794885,0.04910274128119155,0.04955770099825333,0.007783751032204138
2024-04-22,2024-04-19→2024-04-28,0.19499999999999992,0.04034722222222223,0.1041030092592592,0.10125050564606984,0.07941848675409953,0.0488773551914427,0.07850816011428835,0.04397761791944506,0.07040642512506909,0.023770756037334934,0.06541661888360978,0.05431900799274444,0.03350498133235507,0.0518069999747806,0.03235989871952268,0.04748150138060252,0.014240223438421165
2024-04-23,2024-04-19→2024-04-28,0.24197916666666647,0.02871527777777777,0.1287770061728395,0.04674908363156849,0.06866206136014727,0.07991075207789738,0.08836964047617384,0.10681727061669033,0.07810176163249546,0.022390738027491246,0.07333509763081869,0.054948820438649904,0.038719531827502776,0.06023958755864037,0.03930556303924984,0.053309720098972314,0.014668976335922158
2024-04-24,2024-04-19→2024-04-28,0.23666666666666666,0.04211805555555554,0.1204817708333333,0.0758812955684132,0.09870188014374838,0.11668352776103548,0.08342951907051935,0.1172918772366312,0.09839761995606952,0.018857948355718298,0.10449344661500717,0.0744293380445904,0.07277892218695745,0.09433659775389563,0.0540503965814908,0.08001774023638829,0.019761221784347267
2024-04-25,2024-04-19→2024-04-28,0.3708680555555558,0.17795138888888895,0.1917303240740743,0.21519755303859714,0.17693789170848,0.13579020235273576,0.14218147877189852,0.1350749663843049,0.16103641845120328,0.034832321637267745,0.1632913464970059,0.19199578858084154,0.17913980762163803,0.19383747690253791,0.21965284460120735,0.18958345284064618,0.020787189484983787
2024-04-26,2024-04-19→2024-04-28,0.28322916666666687,0.2023611111111111,0.20442322530864188,0.13058997101253933,0.1349831032090717,0.12083719495269987,0.14786216768953536,0.09265812171830072,0.12538611171642938,0.02071333786736641,0.12102977176507314,0.13773202223910225,0.11985650565889146,0.15357369836833742,0.16202207893133164,0.13884281539254717,0.01892944474524539
2024-04-27,2024-04-19→2024-04-28,0.14006944444444447,0.04954861111111114,0.07717447916666662,0.03614671544896233,0.024329975214269425,0.0433012350069152,0.037142900592750966,0.033847221997049114,0.03495360965198941,0.006891753181186649,0.03816446406973734,0.04297658658689925,0.04372785455650755,0.02784613288111158,0.03558253980345197,0.03765951557954154,0.006441414118318804
2024-04-28,2024-04-19→2024-04-28,0.18194444444444438,0.04243055555555556,0.10397135416666671,0.038556966814729914,0.04747339520189499,0.04281795710325244,0.0330040979716513,0.03788598686456682,0.03994768079121909,0.0054606060350996955,0.0466292973690563,0.03041084650490021,0.03774860918521883,0.03784246646695669,0.045488406949573096,0.03962392529514102,0.0066151078946793665
2024-07-20,2024-07-20→2024-07-29,0.2806944444444441,0.17225694444444445,0.18596281828703687,0.2733975038925807,0.22748608748118088,0.2566472973426184,0.30424968262513485,0.2161783247523838,0.25559177921877974,0.035458073180147355,0.2648683043983248,0.22508467760350973,0.19247465689977014,0.1833763721916411,0.2119755664798949,0.2155559155146282,0.03202965583367978
2024-07-21,2024-07-20→2024-07-29,0.0598263888888891,0.21093749999999992,0.21093749999999967,0.09264617800712584,0.09729440013567604,0.1181186178657743,0.13867143147521543,0.08238158835305108,0.10582244316736852,0.022505927558157376,0.11222376008828477,0.1002069528897603,0.08267873220973537,0.09988921774758228,0.08630727569262182,0.0962611877255969,0.01190691861488272
2024-07-22,2024-07-20→2024-07-29,0.11963541666666681,0.1255208333333333,0.08694733796296325,0.07838206355218533,0.10137111072187069,0.08479084399011393,0.11910761124557914,0.07086443596416045,0.09090321309478192,0.019369807604945315,0.08200480500857028,0.06623095770676926,0.07446356124348105,0.08759276860290097,0.06876418358749808,0.07581125522984393,0.008950191543550161
2024-07-23,2024-07-20→2024-07-29,0.3379166666666664,0.19720486111111113,0.16976453993055576,0.27838652074337006,0.2822239971823162,0.30041837791601816,0.4134037968185213,0.29743349154790244,0.31437323684162566,0.05616351621336469,0.30050131612353853,0.26328099204434285,0.21351681841744316,0.21772601498497857,0.2640566206640667,0.251816352446874,0.036333501174756935
2024-07-24,2024-07-20→2024-07-29,0.13944444444444434,0.12319444444444445,0.1370418595679009,0.09101609845956166,0.10218156642383996,0.10144743045171101,0.12972593433327145,0.07627093507183919,0.10012839294804465,0.019584317989578784,0.11220869296126895,0.10201147178808845,0.08540795048077898,0.1081824453671773,0.0929297301504347,0.10014805814954968,0.010987010894716603
2024-07-25,2024-07-20→2024-07-29,0.23395833333333346,0.06270833333333331,0.14954861111111117,0.09870721194479208,0.08868161784278028,0.11089811450905275,0.10460120724307172,0.08250811033778725,0.09707925237549682,0.011543715325703202,0.12033770534727314,0.10880311628182734,0.1366563983758291,0.12445714248551269,0.11485717309845825,0.1210223071177801,0.010535761543598114
2024-07-26,2024-07-20→2024-07-29,0.43454861111111076,0.11836805555555562,0.11390335648148148,0.16013244430224097,0.15000976549254516,0.15834112829632221,0.22131984465652035,0.17923791004551776,0.1738082185586293,0.028633285766487094,0.20256575975153174,0.1844590375820795,0.17026339670022322,0.17245289882024123,0.176315321193801,0.18121128280957535,0.01310627270658954
2024-07-27,2024-07-20→2024-07-29,0.24124999999999996,0.09885416666666662,0.1171971450617284,0.05350418567657474,0.0814435538980696,0.08617497252093423,0.09242129968272317,0.0576967140701082,0.07424814516968198,0.017525327309964974,0.08746718936496313,0.08154012733035618,0.07992636985248991,0.08174559864732957,0.07535599185360803,0.08120705540974936,0.004343539544393451
2024-07-28,2024-07-20→2024-07-29,0.11409722222222264,0.1377777777777778,0.060297067901234555,0.11325842314296303,0.08101535704400807,0.0582292860746384,0.0847782472769419,0.06840015941196018,0.08113629459010233,0.020808950997306355,0.1364554386668735,0.12197907646497091,0.10101358771324159,0.1065467713938819,0.12486458718776704,0.118171892285347,0.014345083968473317
2024-07-29,2024-07-20→2024-07-29,0.10399305555555577,0.08385416666666659,0.06918692129629642,0.08315678887897063,0.08694061948193436,0.13219686667124422,0.13982896983623497,0.10188671059078631,0.10880199109183411,0.025949039881056016,0.07144871340857609,0.07415701137648685,0.064042193227344,0.06275230255391856,0.0661812478303909,0.06771629367934329,0.004896692487601384
2024-09-15,2024-09-15→2024-09-24,0.846666666666667,0.25031250000000005,0.38111906828703673,0.27050531109174103,0.24253599968221456,0.19840842147668208,0.26926072789563077,0.28152518623405043,0.2524471292760638,0.033439276517042454,0.2286185536119673,0.253633534444703,0.24085253391000958,0.26008168624507055,0.2974013731214736,0.2561175362666448,0.02605501045648089
2024-09-16,2024-09-15→2024-09-24,0.6300694444444441,0.08652777777777773,0.2782638888888889,0.20951487322648366,0.21654030044873554,0.1867732552687327,0.392499779926406,0.2706162816286086,0.2551888980997933,0.08269342970130014,0.13232834928565554,0.14393667221069334,0.17115657448768612,0.1388967649804221,0.18738748047086926,0.15474116828706527,0.02348065143438116
2024-09-17,2024-09-15→2024-09-24,0.4111458333333333,0.4317013888888888,0.4339930555555552,0.4139351716306474,0.42623439848423,0.40734577549828427,0.18568960785865782,0.29500062704086305,0.34564111610253656,0.10382167921317588,0.4749071991443634,0.46435995029078586,0.43990807692209877,0.4106326099236806,0.40807782404952575,0.43957713206609095,0.030382984592474415
2024-09-18,2024-09-15→2024-09-24,0.6659722222222224,0.17649305555555556,0.45321518132716043,0.09666897164450752,0.09967186404599085,0.09406899982028537,0.10726406713326771,0.0960753745502896,0.0987498554388682,0.005165637312076824,0.15072228226396772,0.15014966587225598,0.1469274718893899,0.1558348978890313,0.1544552826219135,0.15161792010731165,0.003563417242654122
2024-09-19,2024-09-15→2024-09-24,0.6171527777777777,0.13652777777777778,0.4227546296296296,0.1598312975300683,0.13836724532975092,0.13240524106555515,0.1451876304546992,0.15276000108983784,0.14571028309398226,0.010958091591282321,0.17201271090242598,0.14131567345725166,0.14585510631402332,0.1397877764701843,0.16688065654701656,0.15317038473818037,0.015133955946676134
2024-09-20,2024-09-15→2024-09-24,0.766770833333333,0.1758680555555555,0.46970341435185176,0.21394020087189144,0.18731668008698354,0.14190957632329726,0.12998462233278485,0.10535500930415258,0.15570121778382193,0.04409537949666998,0.151957307656606,0.20206016514036387,0.18211192448933916,0.16752126620875463,0.2190245532327228,0.18453504334555731,0.026708169004309387
2024-09-21,2024-09-15→2024-09-24,0.8878124999999999,0.26104166666666667,0.5189872685185184,0.28479389508565267,0.2873187395599153,0.30867011507352193,0.27548928055498334,0.29884312874741026,0.29102303180429673,0.01290731204857881,0.17339023073514304,0.20601324896017711,0.2302304141388999,0.2503136365281211,0.23172853681776256,0.21833521343602075,0.029645314692853305
2024-09-22,2024-09-15→2024-09-24,0.5907291666666667,0.25458333333333333,0.4353841145833333,0.22749348402023312,0.24813857952753698,0.22313139862484402,0.20686721060011118,0.1693133254183663,0.21498879963821832,0.029469416817157017,0.2927603227562374,0.2540849291616015,0.2798235245545705,0.27322927938567265,0.23651710139380558,0.2672830314503776,0.022149754853941547
2024-09-23,2024-09-15→2024-09-24,0.7934722222222224,0.13927083333333334,0.5580741222993828,0.2295479095644421,0.2030017673306995,0.22662347051832413,0.23249494665198853,0.24148403326670329,0.22663042546643147,0.014333941542270256,0.23765814986493852,0.22194906930128736,0.23253311302926802,0.24929751839902664,0.26111409094598564,0.24051038830810123,0.015149430401081592
2024-09-24,2024-09-15→2024-09-24,0.7606944444444448,0.06993055555555555,0.5284326774691359,0.06830947657426199,0.07353215707672967,0.18446345229943598,0.12011495696173775,0.1274516844087177,0.11477434546417661,0.04718503684782251,0.07549635132153829,0.08461715499560037,0.07445512884192995,0.0784661555290222,0.10063649753729502,0.08273425764507716,0.010760848630006167
2024-11-20,2024-11-20→2024-11-24,0.779166666666667,0.09854166666666665,0.5189216820987654,0.13297922366195256,0.17142531355222068,0.12192423164844517,0.12687316271993848,0.17224399195777046,0.14508918470806548,0.02472885411381452,0.13205638117260404,0.08747829357782998,0.09132956802844999,0.11531938281324172,0.1056061334080166,0.10635795180002847,0.018190489014106196
2024-11-21,2024-11-20→2024-11-24,0.8096527777777774,0.14069444444444448,0.5383912037037037,0.10606163760026295,0.0857928380039003,0.05932959040006,0.10714212510320874,0.07919261707199941,0.08750376163588629,0.01997402305774822,0.10575266983773973,0.12174016608132258,0.11912218014399212,0.15792954471376208,0.15739397976133562,0.13238770810763043,0.023856176800924275
2024-11-22,2024-11-20→2024-11-24,0.9054166666666666,0.10937499999999997,0.5306655092592593,0.07065918849574195,0.06742458687888246,0.06559961948129867,0.09716308633486434,0.07922476530075075,0.07601424929830762,0.012927724199418945,0.05891342990928228,0.07616500245200264,0.058600786526997885,0.08824925945864785,0.08758500132295823,0.07390269593397777,0.014637058481511282
2024-11-23,2024-11-20→2024-11-24,0.7692708333333333,0.2757986111111111,0.6044299768518518,0.30148213975959354,0.31929927382204265,0.2935253354575899,0.31292559729682073,0.35112930066055725,0.3156723293993208,0.022190915352769097,0.32655309293005197,0.27774491899543335,0.285267176495658,0.2803173780441284,0.24406696763303545,0.28278990681966143,0.029378498274775185
2024-11-24,2024-11-20→2024-11-24,0.8445486111111112,0.1892361111111111,0.5709406346450617,0.14602141969733767,0.17272406929069095,0.19657442178991105,0.2434847292635176,0.20055582662423452,0.19187209333313837,0.036160456309534426,0.09810894416438208,0.06528064568837483,0.036277720729509966,0.043880028658443,0.03647417035367754,0.05600430191887749,0.026345841696652227
2024-12-13,2024-12-13→2024-12-22,0.9186458333333333,0.11204861111111113,0.5794328703703704,0.21542240275277033,0.14136049224270714,0.14789214226934647,0.1586392108599345,0.1060898255639606,0.1538808147377438,0.03964407493115794,0.1603510253959232,0.15014797098106808,0.17349571426709495,0.17870811025301617,0.18336959554089438,0.16921448328759936,0.013701440361274887
2024-12-14,2024-12-13→2024-12-22,0.961631944444444,0.10201388888888885,0.49968195408950616,0.1593240208758248,0.171732738216718,0.10776421977414025,0.06227500392331017,0.16180566430091856,0.13258032941818237,0.04653207076125656,0.08490146285957759,0.11147920548915859,0.1290696754720476,0.1085917818546295,0.1437172524796592,0.11555187563101448,0.02225138600227133
2024-12-15,2024-12-13→2024-12-22,0.7634722222222224,0.18857638888888884,0.5570196759259259,0.1521040047539605,0.18307507428858014,0.16331298251946766,0.11530127916071148,0.17929679340786403,0.15861802682611675,0.02723313367366596,0.18446384131908417,0.12202107813623216,0.11661796563201479,0.11145833724074894,0.10688241528140176,0.12828872752189635,0.03190856375172745
2024-12-16,2024-12-13→2024-12-22,0.775590277777778,0.28065972222222224,0.5625202546296297,0.14826159867975447,0.1466720818148719,0.12265286717149942,0.11672740916411081,0.12595398128032684,0.1320535876221127,0.014464356912339955,0.11977810634507072,0.1124596595101886,0.08599940862920546,0.06380223260985478,0.05820359567801154,0.08804860055446621,0.027773508957203253
2024-12-17,2024-12-13→2024-12-22,0.8189930555555553,0.07458333333333332,0.5506237943672839,0.1131845099396176,0.12305358111858365,0.14847471767001683,0.157751075691647,0.21438375896877712,0.15136952867772846,0.039622549875155226,0.12072797271940446,0.1124777199162377,0.0866785203748279,0.09603563653098213,0.08920111768775518,0.10102419344584149,0.014915523311335744
2024-12-18,2024-12-13→2024-12-22,0.828263888888889,0.17531250000000004,0.5918385898919754,0.20045672045813667,0.21091864592499204,0.2473666264613469,0.19409456650416057,0.26369257635540433,0.2233058271408081,0.030572999765796822,0.19324108170138465,0.15095413042439354,0.12252769774860808,0.12976916101243763,0.06653150233957505,0.1326047146452798,0.04606714145552319
2024-12-19,2024-12-13→2024-12-22,0.8624305555555556,0.06708333333333331,0.5898061342592593,0.07525157041019864,0.10439589480559029,0.12296783116128711,0.1243588108486599,0.16265684366226196,0.1179261901775996,0.031905407765836315,0.0957537943124771,0.0881579686535729,0.06915206140942044,0.06928937362300025,0.06650528060065378,0.0777716957198249,0.013270366693191258
2024-12-20,2024-12-13→2024-12-22,1.0119618055555553,0.19348958333333333,0.5801948302469135,0.2563370781474643,0.20853698790073394,0.21412748429510328,0.20521800604131485,0.1982752364873886,0.216498958574401,0.022997046414386574,0.11390574044651454,0.16721309754583571,0.16966294076707628,0.20309446222252314,0.20508988817532856,0.17179322583145565,0.03696252080354976
2024-12-21,2024-12-13→2024-12-22,1.2018402777777777,0.8098784722222223,0.8314295187114193,0.5736647894647388,0.4807486004961863,0.5031392425960965,0.45319927189085224,0.38177185118198403,0.4785047511259716,0.07011588111390327,0.463181293739213,0.5036569387382932,0.45185500555568286,0.4964725591076746,0.5480344196822909,0.4926400433646309,0.03786764557900258
2024-12-22,2024-12-13→2024-12-22,0.7051736111111111,0.5506249999999999,0.6928317901234569,0.22069873078001873,0.1752687548597654,0.13437263531817328,0.19817161457406146,0.19701748579740525,0.18510584426588483,0.0325963262740053,0.16718764934274885,0.1730184241135915,0.17835423052310947,0.1914901073111428,0.20238867117298975,0.18248781649271648,0.014299792802692878
