H,data,variavel,piso_MAE,cd_MAE_s42,cd_MAE_s7,cd_MAE_s123,cd_MAE_media,cd_MAE_dp
12,2022-07-20,ph,0.0425,0.0206,0.0193,0.0194,0.0198,0.0007
12,2022-07-20,od,0.015,0.0272,0.0285,0.0102,0.022,0.0102
12,2022-07-21,ph,0.0367,0.0192,0.0212,0.0222,0.0209,0.0015
12,2022-07-21,od,0.1383,0.0437,0.043,0.0032,0.03,0.0232
12,2022-07-22,ph,0.0175,0.0158,0.0199,0.0166,0.0174,0.0022
12,2022-07-22,od,0.1733,0.029,0.0251,0.0081,0.0207,0.0111
12,2022-07-23,ph,0.0233,0.0233,0.022,0.0214,0.0222,0.001
12,2022-07-23,od,0.0325,0.0234,0.0227,0.0374,0.0278,0.0083
12,2022-07-24,ph,0.0183,0.0154,0.018,0.0144,0.0159,0.0019
12,2022-07-24,od,0.0192,0.0101,0.0157,0.0425,0.0228,0.0173
12,2022-07-25,ph,0.0192,0.0134,0.0138,0.012,0.0131,0.001
12,2022-07-25,od,0.2425,0.0118,0.0108,0.0338,0.0188,0.013
12,2022-07-26,ph,0.0142,0.0072,0.0077,0.0074,0.0074,0.0002
12,2022-07-26,od,0.0842,0.0206,0.0225,0.007,0.0167,0.0085
12,2022-07-27,ph,0.03,0.0299,0.0264,0.0264,0.0276,0.0021
12,2022-07-27,od,0.2758,0.0168,0.0259,0.0108,0.0178,0.0076
12,2022-07-28,ph,0.4458,0.0087,0.0096,0.0351,0.0178,0.015
12,2022-07-28,od,0.2042,0.0177,0.0084,0.0637,0.0299,0.0296
12,2022-07-29,ph,0.0025,0.0207,0.0198,0.0062,0.0156,0.0081
12,2022-07-29,od,0.045,0.0444,0.0505,0.0206,0.0385,0.0158
12,2023-01-18,ph,0.0475,0.0059,0.003,0.0042,0.0044,0.0014
12,2023-01-18,od,0.03,0.028,0.0101,0.0549,0.031,0.0226
12,2023-01-19,ph,0.0567,0.007,0.0053,0.0092,0.0072,0.0019
12,2023-01-19,od,0.0075,0.0231,0.0188,0.0263,0.0227,0.0038
12,2023-01-20,ph,0.0342,0.0041,0.0025,0.0026,0.0031,0.0009
12,2023-01-20,od,0.0383,0.0348,0.0356,0.0239,0.0315,0.0065
12,2023-01-21,ph,0.0375,0.0049,0.0044,0.0054,0.0049,0.0005
12,2023-01-21,od,0.015,0.0101,0.0222,0.0126,0.015,0.0064
12,2023-01-22,ph,0.0158,0.0027,0.0036,0.0036,0.0033,0.0005
12,2023-01-22,od,0.0283,0.0107,0.0376,0.0297,0.026,0.0139
12,2023-01-23,ph,0.035,0.014,0.013,0.0111,0.0127,0.0015
12,2023-01-23,od,0.025,0.0168,0.0125,0.0128,0.014,0.0024
12,2023-01-24,ph,0.0067,0.0047,0.0053,0.0072,0.0057,0.0013
12,2023-01-24,od,0.0592,0.0057,0.0066,0.0064,0.0062,0.0005
12,2023-01-25,ph,0.0117,0.0056,0.0086,0.0093,0.0078,0.002
12,2023-01-25,od,0.0458,0.0079,0.0058,0.0061,0.0066,0.0011
12,2023-01-26,ph,0.015,0.0031,0.0042,0.0018,0.003,0.0012
12,2023-01-26,od,0.0117,0.0059,0.0057,0.0172,0.0096,0.0066
12,2023-01-27,ph,0.0333,0.0065,0.0069,0.0044,0.0059,0.0013
12,2023-01-27,od,0.01,0.015,0.0129,0.0167,0.0149,0.0019
12,2024-04-19,ph,0.0342,0.0082,0.009,0.0063,0.0078,0.0014
12,2024-04-19,od,0.57,0.0096,0.0158,0.0401,0.0218,0.0161
12,2024-04-20,ph,0.0283,0.0092,0.0098,0.0114,0.0101,0.0012
12,2024-04-20,od,0.0717,0.0323,0.0397,0.0057,0.0259,0.0179
12,2024-04-21,ph,0.015,0.0107,0.0117,0.0116,0.0113,0.0005
12,2024-04-21,od,0.0083,0.0261,0.0353,0.0302,0.0305,0.0046
12,2024-04-22,ph,0.0125,0.0116,0.012,0.0114,0.0117,0.0003
12,2024-04-22,od,0.0667,0.0299,0.0167,0.0228,0.0232,0.0066
12,2024-04-23,ph,0.0242,0.0126,0.0123,0.0121,0.0124,0.0003
12,2024-04-23,od,0.0267,0.0385,0.0328,0.0078,0.0264,0.0163
12,2024-04-24,ph,0.0133,0.0093,0.0092,0.0094,0.0093,0.0001
12,2024-04-24,od,0.0167,0.042,0.0473,0.0109,0.0334,0.0196
12,2024-04-25,ph,0.0508,0.0141,0.0153,0.0144,0.0146,0.0007
12,2024-04-25,od,0.3008,0.0239,0.0184,0.0231,0.0218,0.003
12,2024-04-26,ph,0.0225,0.0107,0.0126,0.0114,0.0116,0.0009
12,2024-04-26,od,0.1692,0.0111,0.0066,0.0174,0.0117,0.0054
12,2024-04-27,ph,0.0192,0.0131,0.0139,0.0153,0.0141,0.0011
12,2024-04-27,od,0.0658,0.0058,0.005,0.0202,0.0103,0.0086
12,2024-04-28,ph,0.0217,0.0131,0.0146,0.0161,0.0146,0.0015
12,2024-04-28,od,0.0058,0.0157,0.0109,0.0079,0.0115,0.004
12,2024-07-20,ph,0.0583,0.0099,0.0078,0.0104,0.0094,0.0014
12,2024-07-20,od,0.5925,0.0214,0.0312,0.0166,0.0231,0.0074
12,2024-07-21,ph,0.0217,0.0109,0.013,0.011,0.0116,0.0012
12,2024-07-21,od,0.135,0.0096,0.0248,0.0284,0.0209,0.01
12,2024-07-22,ph,0.1358,0.0202,0.0173,0.0235,0.0203,0.0031
12,2024-07-22,od,0.3933,0.0605,0.0331,0.0317,0.0418,0.0162
12,2024-07-23,ph,0.0525,0.0122,0.0135,0.0136,0.0131,0.0008
12,2024-07-23,od,0.4,0.0041,0.0293,0.0093,0.0143,0.0133
12,2024-07-24,ph,0.03,0.0081,0.0079,0.0091,0.0084,0.0007
12,2024-07-24,od,0.1958,0.0255,0.01,0.0388,0.0248,0.0144
12,2024-07-25,ph,0.0525,0.0081,0.0065,0.0065,0.007,0.0009
12,2024-07-25,od,0.3367,0.0427,0.0257,0.0263,0.0316,0.0097
12,2024-07-26,ph,0.0083,0.0171,0.0206,0.0198,0.0192,0.0018
12,2024-07-26,od,0.2517,0.0126,0.0351,0.0224,0.0234,0.0113
12,2024-07-27,ph,0.0533,0.0107,0.0106,0.0106,0.0106,0.0001
12,2024-07-27,od,0.3733,0.0172,0.0276,0.019,0.0213,0.0056
12,2024-07-28,ph,0.0333,0.0082,0.0112,0.0103,0.0099,0.0015
12,2024-07-28,od,0.06,0.0117,0.0069,0.0058,0.0082,0.0031
12,2024-07-29,ph,0.0258,0.0086,0.0116,0.012,0.0107,0.0019
12,2024-07-29,od,0.1508,0.0401,0.0518,0.0422,0.0447,0.0063
12,2024-09-15,ph,0.0886,0.0241,0.0284,0.0209,0.0245,0.0038
12,2024-09-15,od,0.3583,0.0375,0.0172,0.0203,0.025,0.0109
12,2024-09-16,ph,0.0449,0.036,0.0329,0.04,0.0363,0.0035
12,2024-09-16,od,0.1883,0.0775,0.0172,0.0431,0.0459,0.0303
12,2024-09-17,ph,0.2013,0.0597,0.0532,0.0566,0.0565,0.0033
12,2024-09-17,od,0.7975,0.0404,0.0684,0.0156,0.0415,0.0264
12,2024-09-18,ph,0.0849,0.06,0.0578,0.0604,0.0594,0.0014
12,2024-09-18,od,0.1867,0.04,0.0224,0.0231,0.0285,0.0099
12,2024-09-19,ph,0.0818,0.0315,0.0363,0.0316,0.0332,0.0028
12,2024-09-19,od,0.1133,0.081,0.1169,0.0281,0.0753,0.0447
12,2024-09-20,ph,0.0693,0.0388,0.0376,0.0341,0.0368,0.0024
12,2024-09-20,od,0.1742,0.0379,0.0549,0.0574,0.0501,0.0106
12,2024-09-21,ph,0.0604,0.0714,0.0714,0.0729,0.0719,0.0009
12,2024-09-21,od,0.2533,0.0329,0.0333,0.0073,0.0245,0.0149
12,2024-09-22,ph,0.0734,0.0576,0.0606,0.0578,0.0586,0.0017
12,2024-09-22,od,0.2325,0.0647,0.0472,0.0105,0.0408,0.0277
12,2024-09-23,ph,0.0942,0.0484,0.0483,0.0499,0.0488,0.0009
12,2024-09-23,od,0.0192,0.0308,0.063,0.0037,0.0325,0.0297
12,2024-09-24,ph,0.076,0.0236,0.0307,0.0218,0.0254,0.0047
12,2024-09-24,od,0.1083,0.0234,0.0159,0.0432,0.0275,0.0141
12,2024-11-20,ph,0.0179,0.0042,0.0071,0.0037,0.005,0.0018
12,2024-11-20,od,0.1117,0.0418,0.0702,0.0238,0.0453,0.0234
12,2024-12-13,ph,0.0108,0.0081,0.0122,0.0073,0.0092,0.0026
12,2024-12-13,od,0.01,0.0392,0.0661,0.0395,0.0483,0.0155
12,2024-12-14,ph,0.045,0.0092,0.0089,0.0059,0.008,0.0018
12,2024-12-14,od,0.4175,0.0596,0.056,0.0083,0.0413,0.0286
12,2024-12-15,ph,0.0758,0.0059,0.0092,0.0051,0.0067,0.0022
12,2024-12-15,od,0.3708,0.0201,0.0308,0.0601,0.037,0.0207
12,2024-12-16,ph,0.0233,0.0084,0.0085,0.0118,0.0096,0.0019
12,2024-12-16,od,0.0825,0.0086,0.0234,0.0643,0.0321,0.0288
12,2024-12-17,ph,0.035,0.0139,0.0117,0.0123,0.0126,0.0011
12,2024-12-17,od,0.1758,0.0277,0.008,0.0959,0.0439,0.0461
12,2024-12-18,ph,0.0117,0.0109,0.01,0.0121,0.011,0.001
12,2024-12-18,od,0.1383,0.0102,0.0075,0.063,0.0269,0.0313
12,2024-12-19,ph,0.0167,0.0183,0.0202,0.0215,0.02,0.0016
12,2024-12-19,od,0.0333,0.0149,0.0387,0.087,0.0469,0.0367
12,2024-12-20,ph,0.0583,0.0107,0.0108,0.0134,0.0116,0.0016
12,2024-12-20,od,0.5475,0.1006,0.1118,0.0735,0.0953,0.0197
12,2024-12-21,ph,0.1217,0.0357,0.0427,0.0423,0.0402,0.004
12,2024-12-21,od,1.1817,0.0577,0.0518,0.0518,0.0538,0.0034
12,2024-12-22,ph,0.0358,0.032,0.0315,0.0309,0.0315,0.0006
12,2024-12-22,od,0.4825,0.0238,0.0361,0.025,0.0283,0.0068
72,2022-07-20,ph,0.0296,0.0203,0.0199,0.0212,0.0205,0.0006
72,2022-07-20,od,0.1249,0.0399,0.0683,0.1038,0.0707,0.032
72,2022-07-21,ph,0.0264,0.0206,0.0269,0.0187,0.0221,0.0043
72,2022-07-21,od,0.1108,0.0584,0.1163,0.1353,0.1033,0.0401
72,2022-07-22,ph,0.0196,0.0157,0.0163,0.0211,0.0177,0.0029
72,2022-07-22,od,0.1958,0.0508,0.0255,0.027,0.0344,0.0142
72,2022-07-23,ph,0.0358,0.0204,0.0214,0.0216,0.0211,0.0006
72,2022-07-23,od,0.166,0.0801,0.0861,0.1041,0.0901,0.0125
72,2022-07-24,ph,0.0279,0.0249,0.0237,0.0347,0.0278,0.006
72,2022-07-24,od,0.0122,0.1077,0.1511,0.1394,0.1327,0.0224
72,2022-07-25,ph,0.0289,0.0188,0.0185,0.0227,0.02,0.0023
72,2022-07-25,od,0.1643,0.0145,0.0184,0.0259,0.0196,0.0058
72,2022-07-26,ph,0.0237,0.0266,0.027,0.036,0.0299,0.0053
72,2022-07-26,od,0.0931,0.036,0.0294,0.0615,0.0423,0.017
72,2022-07-27,ph,0.0297,0.0212,0.0225,0.0216,0.0218,0.0007
72,2022-07-27,od,0.2681,0.0322,0.0612,0.0477,0.047,0.0145
72,2022-07-28,ph,0.436,0.0881,0.0995,0.0368,0.0748,0.0334
72,2022-07-28,od,0.1758,0.0847,0.0861,0.1191,0.0967,0.0195
72,2022-07-29,ph,0.0082,0.0274,0.0278,0.0563,0.0372,0.0165
72,2022-07-29,od,0.1185,0.0058,0.0186,0.0304,0.0183,0.0123
72,2023-01-18,ph,0.0486,0.0203,0.0147,0.0111,0.0154,0.0046
72,2023-01-18,od,0.0438,0.0431,0.1358,0.068,0.0823,0.048
72,2023-01-19,ph,0.0478,0.0144,0.0127,0.0192,0.0154,0.0034
72,2023-01-19,od,0.0149,0.0353,0.0663,0.0293,0.0436,0.0199
72,2023-01-20,ph,0.0375,0.0088,0.0044,0.0121,0.0084,0.0039
72,2023-01-20,od,0.0185,0.0294,0.0448,0.0304,0.0349,0.0086
72,2023-01-21,ph,0.0419,0.0272,0.0177,0.0178,0.0209,0.0055
72,2023-01-21,od,0.0162,0.2264,0.2241,0.1516,0.2007,0.0425
72,2023-01-22,ph,0.0146,0.0376,0.0197,0.0239,0.0271,0.0094
72,2023-01-22,od,0.0164,0.1672,0.19,0.1156,0.1576,0.0381
72,2023-01-23,ph,0.0236,0.0371,0.0181,0.0243,0.0265,0.0097
72,2023-01-23,od,0.0282,0.0173,0.0268,0.0235,0.0225,0.0048
72,2023-01-24,ph,0.0157,0.0146,0.0066,0.0115,0.0109,0.0041
72,2023-01-24,od,0.0417,0.0244,0.0155,0.0496,0.0298,0.0177
72,2023-01-25,ph,0.0131,0.0095,0.0114,0.0099,0.0102,0.001
72,2023-01-25,od,0.0611,0.1585,0.1596,0.099,0.139,0.0347
72,2023-01-26,ph,0.0235,0.0058,0.0181,0.0116,0.0118,0.0062
72,2023-01-26,od,0.0108,0.1601,0.1295,0.0695,0.1197,0.0461
72,2023-01-27,ph,0.0301,0.0135,0.0057,0.0133,0.0108,0.0044
72,2023-01-27,od,0.0211,0.1887,0.1893,0.0894,0.1558,0.0575
72,2024-04-19,ph,0.0346,0.0097,0.0109,0.0107,0.0104,0.0006
72,2024-04-19,od,0.5783,0.124,0.1556,0.1815,0.1537,0.0288
72,2024-04-20,ph,0.0249,0.0182,0.0188,0.0218,0.0196,0.0019
72,2024-04-20,od,0.079,0.0345,0.0684,0.0754,0.0594,0.0219
72,2024-04-21,ph,0.0181,0.0176,0.0161,0.0136,0.0158,0.0021
72,2024-04-21,od,0.0781,0.1065,0.1094,0.0986,0.1048,0.0056
72,2024-04-22,ph,0.0197,0.0108,0.0128,0.0164,0.0133,0.0029
72,2024-04-22,od,0.0829,0.0202,0.0404,0.0388,0.0331,0.0113
72,2024-04-23,ph,0.0275,0.0127,0.013,0.0126,0.0127,0.0002
72,2024-04-23,od,0.0325,0.0323,0.0597,0.0405,0.0442,0.0141
72,2024-04-24,ph,0.0179,0.0137,0.0138,0.0133,0.0136,0.0003
72,2024-04-24,od,0.0167,0.0292,0.0452,0.022,0.0321,0.0119
72,2024-04-25,ph,0.046,0.0184,0.0201,0.0222,0.0203,0.0019
72,2024-04-25,od,0.2807,0.0815,0.0825,0.075,0.0797,0.0041
72,2024-04-26,ph,0.0269,0.0263,0.0225,0.0272,0.0253,0.0025
72,2024-04-26,od,0.2318,0.1027,0.1558,0.1046,0.121,0.0301
72,2024-04-27,ph,0.024,0.0164,0.0146,0.0156,0.0155,0.0009
72,2024-04-27,od,0.1057,0.0925,0.0703,0.0472,0.07,0.0227
72,2024-04-28,ph,0.0199,0.0133,0.0114,0.0112,0.012,0.0012
72,2024-04-28,od,0.0211,0.1012,0.0912,0.0429,0.0784,0.0312
72,2024-07-20,ph,0.0385,0.0246,0.0241,0.0244,0.0244,0.0002
72,2024-07-20,od,0.4079,0.1487,0.1782,0.1818,0.1696,0.0182
72,2024-07-21,ph,0.0386,0.0201,0.0177,0.0223,0.0201,0.0023
72,2024-07-21,od,0.1736,0.1405,0.1429,0.1961,0.1598,0.0315
72,2024-07-22,ph,0.1033,0.0477,0.0535,0.0616,0.0543,0.007
72,2024-07-22,od,0.2164,0.1724,0.1545,0.1536,0.1602,0.0106
72,2024-07-23,ph,0.0376,0.0128,0.0119,0.0118,0.0122,0.0006
72,2024-07-23,od,0.3035,0.1292,0.1602,0.1984,0.1626,0.0347
72,2024-07-24,ph,0.0315,0.0381,0.0332,0.035,0.0354,0.0025
72,2024-07-24,od,0.2108,0.2142,0.1892,0.1513,0.1849,0.0317
72,2024-07-25,ph,0.0371,0.0517,0.0452,0.0586,0.0518,0.0067
72,2024-07-25,od,0.1565,0.2902,0.2799,0.2391,0.2698,0.027
72,2024-07-26,ph,0.0185,0.0161,0.0211,0.0192,0.0188,0.0025
72,2024-07-26,od,0.221,0.092,0.0977,0.0853,0.0917,0.0062
72,2024-07-27,ph,0.0319,0.037,0.0322,0.0194,0.0295,0.0091
72,2024-07-27,od,0.1542,0.1362,0.1621,0.15,0.1494,0.0129
72,2024-07-28,ph,0.0347,0.0396,0.0406,0.024,0.0347,0.0093
72,2024-07-28,od,0.1044,0.1413,0.1474,0.1609,0.1499,0.01
72,2024-07-29,ph,0.0164,0.0204,0.0235,0.0102,0.018,0.007
72,2024-07-29,od,0.1003,0.0991,0.0816,0.0974,0.0927,0.0097
72,2024-09-15,ph,0.122,0.0504,0.0671,0.0657,0.061,0.0092
72,2024-09-15,od,0.644,0.2544,0.3067,0.2292,0.2635,0.0395
72,2024-09-16,ph,0.0465,0.0463,0.0593,0.0503,0.052,0.0066
72,2024-09-16,od,0.1636,0.3183,0.4171,0.3321,0.3558,0.0535
72,2024-09-17,ph,0.1377,0.0434,0.0399,0.0458,0.043,0.003
72,2024-09-17,od,0.8721,0.031,0.0671,0.0905,0.0629,0.03
72,2024-09-18,ph,0.0837,0.0647,0.0626,0.0615,0.063,0.0016
72,2024-09-18,od,0.1722,0.1718,0.0965,0.1344,0.1343,0.0377
72,2024-09-19,ph,0.0985,0.0469,0.0456,0.0458,0.0461,0.0007
72,2024-09-19,od,0.1917,0.1124,0.1696,0.1526,0.1449,0.0294
72,2024-09-20,ph,0.0521,0.0411,0.0298,0.0345,0.0352,0.0057
72,2024-09-20,od,0.1607,0.1009,0.057,0.0598,0.0726,0.0246
72,2024-09-21,ph,0.0703,0.0559,0.0549,0.0544,0.0551,0.0008
72,2024-09-21,od,0.2793,0.0305,0.0324,0.0445,0.0358,0.0076
72,2024-09-22,ph,0.1079,0.0499,0.0532,0.0514,0.0515,0.0017
72,2024-09-22,od,0.2658,0.1751,0.0288,0.0579,0.0873,0.0774
72,2024-09-23,ph,0.083,0.0685,0.0608,0.0578,0.0624,0.0055
72,2024-09-23,od,0.0512,0.0497,0.1228,0.0583,0.077,0.04
72,2024-09-24,ph,0.0628,0.0522,0.0419,0.0318,0.0419,0.0102
72,2024-09-24,od,0.0828,0.0817,0.0437,0.0697,0.065,0.0194
72,2024-11-20,ph,0.0186,0.0113,0.0152,0.0132,0.0133,0.0019
72,2024-11-20,od,0.1188,0.2229,0.0746,0.2055,0.1677,0.0811
72,2024-12-13,ph,0.0311,0.0134,0.01,0.0143,0.0126,0.0023
72,2024-12-13,od,0.1474,0.1036,0.2288,0.2286,0.187,0.0722
72,2024-12-14,ph,0.0412,0.0355,0.0485,0.0355,0.0398,0.0075
72,2024-12-14,od,0.2881,0.2769,0.2144,0.1497,0.2137,0.0636
72,2024-12-15,ph,0.0714,0.0114,0.008,0.0115,0.0103,0.002
72,2024-12-15,od,0.2217,0.1541,0.095,0.2004,0.1498,0.0528
72,2024-12-16,ph,0.025,0.0113,0.0127,0.0129,0.0123,0.0009
72,2024-12-16,od,0.1979,0.1082,0.1494,0.1545,0.1374,0.0254
72,2024-12-17,ph,0.0257,0.0169,0.0227,0.0235,0.021,0.0036
72,2024-12-17,od,0.1207,0.196,0.352,0.2672,0.2717,0.0781
72,2024-12-18,ph,0.0269,0.0119,0.0138,0.0116,0.0125,0.0012
72,2024-12-18,od,0.2354,0.1271,0.1856,0.0954,0.136,0.0457
72,2024-12-19,ph,0.0293,0.0215,0.0208,0.0193,0.0205,0.0011
72,2024-12-19,od,0.0593,0.0735,0.2138,0.1053,0.1308,0.0736
72,2024-12-20,ph,0.0367,0.033,0.0384,0.0325,0.0347,0.0033
72,2024-12-20,od,0.3225,0.2053,0.0967,0.1749,0.159,0.056
72,2024-12-21,ph,0.1517,0.0643,0.045,0.0519,0.0537,0.0098
72,2024-12-21,od,1.0404,0.2221,0.1708,0.2381,0.2103,0.0351
72,2024-12-22,ph,0.0411,0.032,0.0305,0.0346,0.0324,0.0021
72,2024-12-22,od,0.319,0.4069,0.4836,0.7013,0.5306,0.1527
288,2022-07-20,ph,0.0227,0.042,0.0295,0.0237,0.0317,0.0093
288,2022-07-20,od,0.0899,0.0605,0.1999,0.131,0.1305,0.0697
288,2022-07-21,ph,0.0231,0.0485,0.0374,0.0265,0.0374,0.011
288,2022-07-21,od,0.0594,0.1726,0.0754,0.075,0.1076,0.0562
288,2022-07-22,ph,0.0252,0.0345,0.0292,0.0258,0.0298,0.0044
288,2022-07-22,od,0.2433,0.2166,0.1128,0.1908,0.1734,0.054
288,2022-07-23,ph,0.0294,0.0265,0.0328,0.0439,0.0344,0.0088
288,2022-07-23,od,0.1477,0.0404,0.0489,0.1003,0.0632,0.0324
288,2022-07-24,ph,0.026,0.0259,0.0222,0.0218,0.0233,0.0023
288,2022-07-24,od,0.0566,0.0524,0.06,0.058,0.0568,0.004
288,2022-07-25,ph,0.029,0.0194,0.0256,0.0221,0.0224,0.0032
288,2022-07-25,od,0.0919,0.1138,0.0775,0.1507,0.114,0.0366
288,2022-07-26,ph,0.0246,0.02,0.0186,0.0206,0.0197,0.001
288,2022-07-26,od,0.0973,0.033,0.0858,0.0525,0.0571,0.0267
288,2022-07-27,ph,0.0297,0.0246,0.0226,0.0235,0.0236,0.001
288,2022-07-27,od,0.1574,0.0404,0.0807,0.0777,0.0663,0.0224
288,2022-07-28,ph,0.2538,0.2498,0.257,0.2586,0.2551,0.0047
288,2022-07-28,od,0.1791,0.0687,0.0769,0.08,0.0752,0.0058
288,2022-07-29,ph,0.2024,0.1157,0.0188,0.0873,0.0739,0.0498
288,2022-07-29,od,0.2647,0.3301,0.1981,0.2142,0.2475,0.072
288,2023-01-18,ph,0.0517,0.046,0.0258,0.0423,0.038,0.0108
288,2023-01-18,od,0.072,0.212,0.1164,0.0896,0.1393,0.0643
288,2023-01-19,ph,0.0271,0.0158,0.0346,0.0251,0.0252,0.0094
288,2023-01-19,od,0.0347,0.1556,0.0772,0.0896,0.1075,0.0422
288,2023-01-20,ph,0.0475,0.0189,0.0371,0.0355,0.0305,0.0101
288,2023-01-20,od,0.0825,0.1098,0.1114,0.12,0.1137,0.0055
288,2023-01-21,ph,0.038,0.0313,0.0224,0.0242,0.026,0.0047
288,2023-01-21,od,0.1225,0.1695,0.0651,0.1132,0.1159,0.0523
288,2023-01-22,ph,0.021,0.0357,0.017,0.0094,0.0207,0.0135
288,2023-01-22,od,0.0309,0.1063,0.0641,0.0821,0.0842,0.0212
288,2023-01-23,ph,0.0183,0.0282,0.0253,0.0117,0.0217,0.0088
288,2023-01-23,od,0.0935,0.0764,0.0864,0.0674,0.0767,0.0095
288,2023-01-24,ph,0.0347,0.0329,0.027,0.0205,0.0268,0.0062
288,2023-01-24,od,0.063,0.0675,0.0575,0.0532,0.0594,0.0073
288,2023-01-25,ph,0.0132,0.0138,0.0108,0.0141,0.0129,0.0018
288,2023-01-25,od,0.091,0.1337,0.1233,0.1292,0.1287,0.0052
288,2023-01-26,ph,0.0203,0.0097,0.0169,0.0238,0.0168,0.0071
288,2023-01-26,od,0.072,0.1673,0.149,0.1475,0.1546,0.0111
288,2023-01-27,ph,0.0158,0.0207,0.0215,0.0168,0.0197,0.0025
288,2023-01-27,od,0.0386,0.1836,0.1593,0.1587,0.1672,0.0142
288,2024-04-19,ph,0.0262,0.0213,0.0247,0.0257,0.0239,0.0023
288,2024-04-19,od,0.3019,0.2167,0.248,0.2717,0.2455,0.0276
288,2024-04-20,ph,0.0623,0.0239,0.0279,0.0362,0.0294,0.0063
288,2024-04-20,od,0.2474,0.0949,0.0543,0.0656,0.0716,0.0209
288,2024-04-21,ph,0.0226,0.0135,0.0203,0.0209,0.0183,0.0041
288,2024-04-21,od,0.0525,0.0592,0.0995,0.0695,0.0761,0.0209
288,2024-04-22,ph,0.0238,0.0168,0.0183,0.0185,0.0179,0.0009
288,2024-04-22,od,0.0403,0.0624,0.0587,0.1011,0.0741,0.0235
288,2024-04-23,ph,0.0327,0.0295,0.029,0.0428,0.0338,0.0078
288,2024-04-23,od,0.0287,0.0715,0.0698,0.1204,0.0873,0.0287
288,2024-04-24,ph,0.024,0.0288,0.0247,0.0253,0.0262,0.0022
288,2024-04-24,od,0.0421,0.0618,0.0711,0.092,0.075,0.0155
288,2024-04-25,ph,0.0255,0.0283,0.0209,0.0183,0.0225,0.0052
288,2024-04-25,od,0.178,0.2882,0.1623,0.245,0.2319,0.064
288,2024-04-26,ph,0.0263,0.0208,0.0171,0.0149,0.0176,0.0029
288,2024-04-26,od,0.2024,0.1521,0.1009,0.1257,0.1262,0.0256
288,2024-04-27,ph,0.018,0.0196,0.0133,0.0146,0.0158,0.0033
288,2024-04-27,od,0.0495,0.0742,0.0508,0.055,0.06,0.0125
288,2024-04-28,ph,0.0207,0.0283,0.0178,0.0172,0.0211,0.0062
288,2024-04-28,od,0.0424,0.1033,0.0575,0.0471,0.0693,0.0299
288,2024-07-20,ph,0.0224,0.0264,0.0243,0.0244,0.025,0.0012
288,2024-07-20,od,0.1723,0.2123,0.362,0.3105,0.2949,0.0761
288,2024-07-21,ph,0.0392,0.0277,0.0247,0.0275,0.0266,0.0017
288,2024-07-21,od,0.2109,0.091,0.1507,0.1103,0.1173,0.0305
288,2024-07-22,ph,0.0733,0.0581,0.0605,0.0616,0.0601,0.0018
288,2024-07-22,od,0.1255,0.0751,0.1062,0.1055,0.0956,0.0177
288,2024-07-23,ph,0.0951,0.0329,0.033,0.0304,0.0321,0.0015
288,2024-07-23,od,0.1972,0.5307,0.45,0.437,0.4725,0.0508
288,2024-07-24,ph,0.0181,0.031,0.0311,0.0253,0.0291,0.0033
288,2024-07-24,od,0.1232,0.1657,0.133,0.1453,0.148,0.0165
288,2024-07-25,ph,0.0213,0.02,0.0214,0.0165,0.0193,0.0025
288,2024-07-25,od,0.0627,0.1275,0.1228,0.1497,0.1334,0.0144
288,2024-07-26,ph,0.0338,0.0228,0.0268,0.0247,0.0248,0.002
288,2024-07-26,od,0.1184,0.1912,0.1483,0.1755,0.1717,0.0217
288,2024-07-27,ph,0.0303,0.0311,0.0342,0.0307,0.032,0.002
288,2024-07-27,od,0.0989,0.0827,0.1517,0.1382,0.1242,0.0365
288,2024-07-28,ph,0.0368,0.0374,0.0245,0.0286,0.0302,0.0066
288,2024-07-28,od,0.1378,0.0676,0.0895,0.0824,0.0798,0.0112
288,2024-07-29,ph,0.0223,0.0266,0.0216,0.0229,0.0237,0.0026
288,2024-07-29,od,0.0839,0.0783,0.0806,0.0814,0.0801,0.0016
288,2024-09-15,ph,0.0863,0.0618,0.0633,0.0647,0.0633,0.0014
288,2024-09-15,od,0.2503,0.1999,0.2456,0.2593,0.2349,0.0311
288,2024-09-16,ph,0.0575,0.0542,0.0501,0.0522,0.0522,0.0021
288,2024-09-16,od,0.0865,0.344,0.2702,0.3245,0.3129,0.0383
288,2024-09-17,ph,0.0737,0.0427,0.0421,0.0454,0.0434,0.0017
288,2024-09-17,od,0.4317,0.2036,0.3076,0.1939,0.235,0.0631
288,2024-09-18,ph,0.0687,0.0521,0.0483,0.0454,0.0486,0.0033
288,2024-09-18,od,0.1765,0.1755,0.1273,0.1348,0.1459,0.026
288,2024-09-19,ph,0.0693,0.0588,0.0653,0.0528,0.059,0.0062
288,2024-09-19,od,0.1365,0.1223,0.1055,0.1031,0.1103,0.0105
288,2024-09-20,ph,0.0614,0.0393,0.0371,0.0329,0.0364,0.0033
288,2024-09-20,od,0.1759,0.1181,0.128,0.1247,0.1236,0.0051
288,2024-09-21,ph,0.0645,0.0528,0.066,0.0556,0.0581,0.0069
288,2024-09-21,od,0.261,0.1965,0.177,0.0988,0.1574,0.0517
288,2024-09-22,ph,0.0927,0.061,0.0755,0.0698,0.0688,0.0073
288,2024-09-22,od,0.2546,0.1245,0.1979,0.1428,0.1551,0.0382
288,2024-09-23,ph,0.0647,0.0642,0.0643,0.0697,0.0661,0.0031
288,2024-09-23,od,0.1393,0.1151,0.1339,0.1232,0.1241,0.0094
288,2024-09-24,ph,0.053,0.0395,0.0376,0.0368,0.038,0.0014
288,2024-09-24,od,0.0699,0.3119,0.2488,0.1065,0.2224,0.1052
288,2024-11-20,ph,0.0156,0.0246,0.0197,0.021,0.0218,0.0026
288,2024-11-20,od,0.0985,0.0894,0.2298,0.1038,0.141,0.0773
288,2024-12-13,ph,0.0275,0.0294,0.0304,0.0315,0.0304,0.001
288,2024-12-13,od,0.112,0.4721,0.1582,0.1724,0.2676,0.1773
288,2024-12-14,ph,0.0193,0.0327,0.0128,0.0189,0.0215,0.0102
288,2024-12-14,od,0.102,0.1163,0.0892,0.137,0.1142,0.024
288,2024-12-15,ph,0.0425,0.0853,0.0724,0.0697,0.0758,0.0084
288,2024-12-15,od,0.1886,0.2658,0.3316,0.2665,0.2879,0.0378
288,2024-12-16,ph,0.0311,0.0258,0.0188,0.0255,0.0234,0.004
288,2024-12-16,od,0.2807,0.2456,0.3318,0.3091,0.2955,0.0447
288,2024-12-17,ph,0.0249,0.0587,0.0619,0.0664,0.0623,0.0039
288,2024-12-17,od,0.0746,0.134,0.4208,0.37,0.3083,0.153
288,2024-12-18,ph,0.0192,0.0514,0.0356,0.0489,0.0453,0.0085
288,2024-12-18,od,0.1753,0.193,0.2683,0.1056,0.189,0.0814
288,2024-12-19,ph,0.0242,0.0317,0.0223,0.0196,0.0245,0.0064
288,2024-12-19,od,0.0671,0.367,0.2232,0.1551,0.2484,0.1081
288,2024-12-20,ph,0.0343,0.0538,0.0306,0.0371,0.0405,0.012
288,2024-12-20,od,0.1935,0.4018,0.1851,0.1859,0.2576,0.1249
288,2024-12-21,ph,0.0768,0.0312,0.0504,0.0396,0.0404,0.0096
288,2024-12-21,od,0.8099,0.2562,0.4857,0.3841,0.3754,0.115
288,2024-12-22,ph,0.0811,0.0322,0.0286,0.0271,0.0293,0.0026
288,2024-12-22,od,0.5506,0.3113,0.2241,0.2335,0.2563,0.0479
