H,data,variavel,piso_MAE,dl_MAE_s42,dl_MAE_s7,dl_MAE_s123,dl_MAE_media,dl_MAE_dp
12,2022-07-20,ph,0.0425,0.0225,0.0238,0.0195,0.0219,0.0022
12,2022-07-20,od,0.015,0.0202,0.0371,0.0111,0.0228,0.0132
12,2022-07-21,ph,0.0367,0.021,0.0196,0.022,0.0209,0.0012
12,2022-07-21,od,0.1383,0.0315,0.0325,0.0179,0.0273,0.0081
12,2022-07-22,ph,0.0175,0.0219,0.0136,0.0173,0.0176,0.0042
12,2022-07-22,od,0.1733,0.0177,0.0333,0.0259,0.0256,0.0078
12,2022-07-23,ph,0.0233,0.0331,0.0287,0.0262,0.0294,0.0035
12,2022-07-23,od,0.0325,0.0523,0.0625,0.0638,0.0596,0.0063
12,2022-07-24,ph,0.0183,0.0154,0.01,0.0146,0.0133,0.0029
12,2022-07-24,od,0.0192,0.0154,0.0289,0.0246,0.023,0.0069
12,2022-07-25,ph,0.0192,0.0263,0.0209,0.0214,0.0229,0.003
12,2022-07-25,od,0.2425,0.0159,0.0423,0.0838,0.0474,0.0343
12,2022-07-26,ph,0.0142,0.008,0.0091,0.0123,0.0098,0.0022
12,2022-07-26,od,0.0842,0.0162,0.0422,0.0408,0.0331,0.0146
12,2022-07-27,ph,0.03,0.0224,0.0192,0.019,0.0202,0.0019
12,2022-07-27,od,0.2758,0.0208,0.0181,0.0261,0.0217,0.0041
12,2022-07-28,ph,0.4458,0.0241,0.0108,0.0165,0.0172,0.0066
12,2022-07-28,od,0.2042,0.0465,0.0374,0.0183,0.034,0.0144
12,2022-07-29,ph,0.0025,0.0344,0.0195,0.026,0.0266,0.0075
12,2022-07-29,od,0.045,0.02,0.0233,0.0123,0.0186,0.0056
12,2023-01-18,ph,0.0475,0.0071,0.01,0.0111,0.0094,0.002
12,2023-01-18,od,0.03,0.0327,0.0421,0.0255,0.0334,0.0083
12,2023-01-19,ph,0.0567,0.006,0.0122,0.0119,0.01,0.0035
12,2023-01-19,od,0.0075,0.0667,0.048,0.02,0.0449,0.0235
12,2023-01-20,ph,0.0342,0.0051,0.0098,0.0089,0.0079,0.0025
12,2023-01-20,od,0.0383,0.0621,0.0334,0.0195,0.0383,0.0217
12,2023-01-21,ph,0.0375,0.0063,0.007,0.0084,0.0072,0.0011
12,2023-01-21,od,0.015,0.0818,0.0374,0.024,0.0477,0.0303
12,2023-01-22,ph,0.0158,0.0054,0.009,0.0075,0.0073,0.0018
12,2023-01-22,od,0.0283,0.057,0.0498,0.0156,0.0408,0.0221
12,2023-01-23,ph,0.035,0.0067,0.0244,0.0207,0.0173,0.0094
12,2023-01-23,od,0.025,0.056,0.0872,0.0335,0.0589,0.027
12,2023-01-24,ph,0.0067,0.0127,0.0136,0.0118,0.0127,0.0009
12,2023-01-24,od,0.0592,0.0545,0.0409,0.0248,0.0401,0.0149
12,2023-01-25,ph,0.0117,0.0145,0.0171,0.011,0.0142,0.0031
12,2023-01-25,od,0.0458,0.0189,0.0174,0.0158,0.0174,0.0016
12,2023-01-26,ph,0.015,0.0078,0.0108,0.009,0.0092,0.0015
12,2023-01-26,od,0.0117,0.0212,0.0239,0.022,0.0224,0.0014
12,2023-01-27,ph,0.0333,0.007,0.0073,0.0103,0.0082,0.0018
12,2023-01-27,od,0.01,0.0309,0.0369,0.0358,0.0345,0.0032
12,2024-04-19,ph,0.0342,0.0083,0.0083,0.0074,0.008,0.0005
12,2024-04-19,od,0.57,0.0232,0.02,0.0123,0.0185,0.0056
12,2024-04-20,ph,0.0283,0.0124,0.0093,0.0109,0.0109,0.0015
12,2024-04-20,od,0.0717,0.0105,0.042,0.0201,0.0242,0.0161
12,2024-04-21,ph,0.015,0.0105,0.0124,0.014,0.0123,0.0018
12,2024-04-21,od,0.0083,0.0568,0.0337,0.0961,0.0622,0.0315
12,2024-04-22,ph,0.0125,0.0115,0.0131,0.0133,0.0126,0.001
12,2024-04-22,od,0.0667,0.0227,0.0196,0.1095,0.0506,0.051
12,2024-04-23,ph,0.0242,0.0127,0.0113,0.0126,0.0122,0.0008
12,2024-04-23,od,0.0267,0.028,0.0259,0.02,0.0246,0.0041
12,2024-04-24,ph,0.0133,0.0078,0.0112,0.0115,0.0102,0.0021
12,2024-04-24,od,0.0167,0.0564,0.0737,0.087,0.0724,0.0153
12,2024-04-25,ph,0.0508,0.0162,0.0188,0.0133,0.0161,0.0027
12,2024-04-25,od,0.3008,0.0233,0.0546,0.0345,0.0375,0.0159
12,2024-04-26,ph,0.0225,0.0092,0.0119,0.0111,0.0107,0.0014
12,2024-04-26,od,0.1692,0.0437,0.0174,0.0146,0.0252,0.016
12,2024-04-27,ph,0.0192,0.0152,0.012,0.0167,0.0146,0.0024
12,2024-04-27,od,0.0658,0.0175,0.0372,0.0408,0.0318,0.0125
12,2024-04-28,ph,0.0217,0.0112,0.0156,0.0125,0.0131,0.0023
12,2024-04-28,od,0.0058,0.0155,0.0355,0.0337,0.0282,0.0111
12,2024-07-20,ph,0.0583,0.0137,0.019,0.0196,0.0174,0.0033
12,2024-07-20,od,0.5925,0.0343,0.0232,0.0193,0.0256,0.0077
12,2024-07-21,ph,0.0217,0.0148,0.0142,0.0102,0.0131,0.0025
12,2024-07-21,od,0.135,0.0408,0.0181,0.0107,0.0232,0.0157
12,2024-07-22,ph,0.1358,0.0294,0.0212,0.0236,0.0247,0.0042
12,2024-07-22,od,0.3933,0.039,0.0724,0.0703,0.0605,0.0187
12,2024-07-23,ph,0.0525,0.0155,0.0146,0.0149,0.015,0.0005
12,2024-07-23,od,0.4,0.0534,0.0246,0.0426,0.0402,0.0145
12,2024-07-24,ph,0.03,0.014,0.0114,0.008,0.0111,0.003
12,2024-07-24,od,0.1958,0.0247,0.0277,0.0297,0.0274,0.0025
12,2024-07-25,ph,0.0525,0.0181,0.016,0.0168,0.017,0.001
12,2024-07-25,od,0.3367,0.0808,0.1036,0.1677,0.1174,0.0451
12,2024-07-26,ph,0.0083,0.0386,0.0342,0.0332,0.0353,0.0029
12,2024-07-26,od,0.2517,0.0873,0.0931,0.1097,0.0967,0.0116
12,2024-07-27,ph,0.0533,0.0147,0.0104,0.0212,0.0154,0.0054
12,2024-07-27,od,0.3733,0.0266,0.0619,0.0493,0.046,0.0179
12,2024-07-28,ph,0.0333,0.0122,0.0142,0.0179,0.0148,0.0029
12,2024-07-28,od,0.06,0.0468,0.0647,0.0596,0.057,0.0092
12,2024-07-29,ph,0.0258,0.013,0.0129,0.0065,0.0108,0.0038
12,2024-07-29,od,0.1508,0.0873,0.095,0.1099,0.0974,0.0115
12,2024-09-15,ph,0.0886,0.0395,0.0442,0.0559,0.0465,0.0085
12,2024-09-15,od,0.3583,0.2115,0.1118,0.1509,0.1581,0.0502
12,2024-09-16,ph,0.0449,0.0358,0.0254,0.021,0.0274,0.0076
12,2024-09-16,od,0.1883,0.1685,0.0598,0.1054,0.1112,0.0546
12,2024-09-17,ph,0.2013,0.069,0.086,0.0945,0.0831,0.013
12,2024-09-17,od,0.7975,0.0346,0.0677,0.0562,0.0528,0.0168
12,2024-09-18,ph,0.0849,0.07,0.0643,0.0641,0.0661,0.0033
12,2024-09-18,od,0.1867,0.0499,0.0851,0.0224,0.0525,0.0315
12,2024-09-19,ph,0.0818,0.0334,0.0382,0.0403,0.0373,0.0035
12,2024-09-19,od,0.1133,0.0374,0.1015,0.0364,0.0585,0.0373
12,2024-09-20,ph,0.0693,0.0308,0.0304,0.0391,0.0334,0.0049
12,2024-09-20,od,0.1742,0.0798,0.0504,0.0335,0.0546,0.0234
12,2024-09-21,ph,0.0604,0.0718,0.0769,0.075,0.0745,0.0026
12,2024-09-21,od,0.2533,0.0454,0.1545,0.0805,0.0935,0.0557
12,2024-09-22,ph,0.0734,0.0662,0.0657,0.0687,0.0669,0.0016
12,2024-09-22,od,0.2325,0.0754,0.0432,0.0316,0.0501,0.0227
12,2024-09-23,ph,0.0942,0.0549,0.0631,0.0451,0.0544,0.009
12,2024-09-23,od,0.0192,0.0372,0.0725,0.0439,0.0512,0.0187
12,2024-09-24,ph,0.076,0.027,0.0275,0.023,0.0258,0.0025
12,2024-09-24,od,0.1083,0.115,0.0628,0.0459,0.0746,0.036
12,2024-11-20,ph,0.0179,0.0123,0.0093,0.0145,0.012,0.0026
12,2024-11-20,od,0.1117,0.0554,0.0908,0.0764,0.0742,0.0178
12,2024-12-13,ph,0.0108,0.0134,0.0122,0.0177,0.0144,0.0029
12,2024-12-13,od,0.01,0.1968,0.1379,0.0662,0.1336,0.0654
12,2024-12-14,ph,0.045,0.0153,0.0148,0.0173,0.0158,0.0013
12,2024-12-14,od,0.4175,0.059,0.0462,0.1294,0.0782,0.0448
12,2024-12-15,ph,0.0758,0.0115,0.0193,0.0124,0.0144,0.0043
12,2024-12-15,od,0.3708,0.1087,0.1345,0.112,0.1184,0.014
12,2024-12-16,ph,0.0233,0.0176,0.0181,0.011,0.0156,0.004
12,2024-12-16,od,0.0825,0.0764,0.0565,0.0489,0.0606,0.0142
12,2024-12-17,ph,0.035,0.0216,0.0244,0.019,0.0216,0.0027
12,2024-12-17,od,0.1758,0.0349,0.0372,0.0559,0.0427,0.0115
12,2024-12-18,ph,0.0117,0.0181,0.0116,0.0201,0.0166,0.0044
12,2024-12-18,od,0.1383,0.0603,0.1213,0.1214,0.101,0.0352
12,2024-12-19,ph,0.0167,0.0221,0.0271,0.0268,0.0253,0.0028
12,2024-12-19,od,0.0333,0.0894,0.0687,0.1373,0.0985,0.0352
12,2024-12-20,ph,0.0583,0.0429,0.0343,0.048,0.0417,0.0069
12,2024-12-20,od,0.5475,0.0647,0.2092,0.2321,0.1687,0.0908
12,2024-12-21,ph,0.1217,0.0377,0.0336,0.0418,0.0377,0.0041
12,2024-12-21,od,1.1817,0.1017,0.0654,0.1475,0.1049,0.0411
12,2024-12-22,ph,0.0358,0.0278,0.0327,0.0405,0.0337,0.0064
12,2024-12-22,od,0.4825,0.3253,0.2172,0.0532,0.1986,0.137
72,2022-07-20,ph,0.0296,0.0175,0.0233,0.0226,0.0212,0.0032
72,2022-07-20,od,0.1249,0.1161,0.0271,0.0884,0.0772,0.0456
72,2022-07-21,ph,0.0264,0.022,0.0238,0.0228,0.0228,0.0009
72,2022-07-21,od,0.1108,0.0899,0.0445,0.094,0.0761,0.0275
72,2022-07-22,ph,0.0196,0.025,0.0198,0.0275,0.0241,0.0039
72,2022-07-22,od,0.1958,0.0536,0.0959,0.0668,0.0721,0.0216
72,2022-07-23,ph,0.0358,0.0216,0.0225,0.0228,0.0223,0.0007
72,2022-07-23,od,0.166,0.0914,0.0761,0.0654,0.0776,0.0131
72,2022-07-24,ph,0.0279,0.0274,0.0228,0.0256,0.0253,0.0024
72,2022-07-24,od,0.0122,0.0647,0.0894,0.0669,0.0737,0.0137
72,2022-07-25,ph,0.0289,0.0217,0.0206,0.0229,0.0218,0.0012
72,2022-07-25,od,0.1643,0.1354,0.0468,0.0735,0.0852,0.0454
72,2022-07-26,ph,0.0237,0.0221,0.0273,0.0234,0.0243,0.0027
72,2022-07-26,od,0.0931,0.1259,0.036,0.0269,0.0629,0.0547
72,2022-07-27,ph,0.0297,0.0279,0.0213,0.0227,0.024,0.0035
72,2022-07-27,od,0.2681,0.1593,0.0587,0.0301,0.0827,0.0679
72,2022-07-28,ph,0.436,0.029,0.031,0.0311,0.0304,0.0012
72,2022-07-28,od,0.1758,0.067,0.0358,0.0372,0.0467,0.0176
72,2022-07-29,ph,0.0082,0.0338,0.0235,0.0562,0.0378,0.0167
72,2022-07-29,od,0.1185,0.1069,0.0733,0.1147,0.0983,0.022
72,2023-01-18,ph,0.0486,0.0188,0.0181,0.0202,0.019,0.0011
72,2023-01-18,od,0.0438,0.0944,0.0775,0.0818,0.0846,0.0088
72,2023-01-19,ph,0.0478,0.012,0.0141,0.0147,0.0136,0.0014
72,2023-01-19,od,0.0149,0.037,0.0582,0.0341,0.0431,0.0132
72,2023-01-20,ph,0.0375,0.0074,0.0089,0.0092,0.0085,0.001
72,2023-01-20,od,0.0185,0.0471,0.0743,0.0476,0.0563,0.0156
72,2023-01-21,ph,0.0419,0.009,0.0085,0.0071,0.0082,0.001
72,2023-01-21,od,0.0162,0.1404,0.1555,0.11,0.1353,0.0232
72,2023-01-22,ph,0.0146,0.02,0.015,0.0123,0.0157,0.0039
72,2023-01-22,od,0.0164,0.0798,0.1028,0.1049,0.0958,0.0139
72,2023-01-23,ph,0.0236,0.0221,0.0158,0.0172,0.0184,0.0033
72,2023-01-23,od,0.0282,0.0443,0.1289,0.1662,0.1131,0.0625
72,2023-01-24,ph,0.0157,0.0114,0.0099,0.0125,0.0113,0.0013
72,2023-01-24,od,0.0417,0.0392,0.0431,0.027,0.0364,0.0084
72,2023-01-25,ph,0.0131,0.0126,0.0136,0.0166,0.0143,0.0021
72,2023-01-25,od,0.0611,0.0861,0.1347,0.1234,0.1148,0.0254
72,2023-01-26,ph,0.0235,0.0112,0.0088,0.0123,0.0108,0.0018
72,2023-01-26,od,0.0108,0.0649,0.1459,0.1411,0.1173,0.0454
72,2023-01-27,ph,0.0301,0.0106,0.0225,0.0105,0.0145,0.0069
72,2023-01-27,od,0.0211,0.1339,0.123,0.165,0.1406,0.0218
72,2024-04-19,ph,0.0346,0.0166,0.0184,0.018,0.0176,0.0009
72,2024-04-19,od,0.5783,0.0457,0.1281,0.1169,0.0969,0.0447
72,2024-04-20,ph,0.0249,0.0298,0.0329,0.0239,0.0289,0.0046
72,2024-04-20,od,0.079,0.0506,0.131,0.0413,0.0743,0.0494
72,2024-04-21,ph,0.0181,0.0204,0.0156,0.0256,0.0205,0.005
72,2024-04-21,od,0.0781,0.1588,0.1329,0.106,0.1326,0.0264
72,2024-04-22,ph,0.0197,0.0123,0.0139,0.011,0.0124,0.0015
72,2024-04-22,od,0.0829,0.1145,0.0614,0.0889,0.0882,0.0265
72,2024-04-23,ph,0.0275,0.0145,0.0154,0.0219,0.0173,0.004
72,2024-04-23,od,0.0325,0.1937,0.1661,0.1499,0.1699,0.0221
72,2024-04-24,ph,0.0179,0.0225,0.0265,0.0297,0.0262,0.0036
72,2024-04-24,od,0.0167,0.0663,0.0335,0.0735,0.0578,0.0213
72,2024-04-25,ph,0.046,0.0148,0.0157,0.0135,0.0147,0.0011
72,2024-04-25,od,0.2807,0.0585,0.0318,0.0292,0.0398,0.0162
72,2024-04-26,ph,0.0269,0.0153,0.0219,0.0162,0.0178,0.0036
72,2024-04-26,od,0.2318,0.0419,0.0831,0.0601,0.0617,0.0207
72,2024-04-27,ph,0.024,0.0129,0.0159,0.015,0.0146,0.0015
72,2024-04-27,od,0.1057,0.0654,0.0321,0.0541,0.0505,0.017
72,2024-04-28,ph,0.0199,0.0137,0.0121,0.0121,0.0127,0.0009
72,2024-04-28,od,0.0211,0.0588,0.0438,0.0395,0.0474,0.0101
72,2024-07-20,ph,0.0385,0.0348,0.0333,0.0297,0.0326,0.0027
72,2024-07-20,od,0.4079,0.253,0.1616,0.2193,0.2113,0.0462
72,2024-07-21,ph,0.0386,0.0181,0.0196,0.0162,0.018,0.0017
72,2024-07-21,od,0.1736,0.1629,0.1099,0.1487,0.1405,0.0274
72,2024-07-22,ph,0.1033,0.0417,0.0509,0.0549,0.0492,0.0068
72,2024-07-22,od,0.2164,0.1105,0.1684,0.147,0.1419,0.0293
72,2024-07-23,ph,0.0376,0.0157,0.0218,0.0182,0.0185,0.0031
72,2024-07-23,od,0.3035,0.228,0.1088,0.1424,0.1597,0.0614
72,2024-07-24,ph,0.0315,0.0362,0.03,0.031,0.0324,0.0033
72,2024-07-24,od,0.2108,0.1231,0.2182,0.2004,0.1806,0.0505
72,2024-07-25,ph,0.0371,0.0525,0.0363,0.0426,0.0438,0.0081
72,2024-07-25,od,0.1565,0.1683,0.2302,0.2083,0.2023,0.0314
72,2024-07-26,ph,0.0185,0.0201,0.0191,0.0222,0.0205,0.0016
72,2024-07-26,od,0.221,0.1231,0.125,0.1305,0.1262,0.0038
72,2024-07-27,ph,0.0319,0.0354,0.0396,0.0362,0.0371,0.0022
72,2024-07-27,od,0.1542,0.2148,0.1795,0.2276,0.2073,0.0249
72,2024-07-28,ph,0.0347,0.0197,0.0313,0.0297,0.0269,0.0063
72,2024-07-28,od,0.1044,0.1471,0.1241,0.1611,0.1441,0.0187
72,2024-07-29,ph,0.0164,0.014,0.0158,0.0187,0.0161,0.0023
72,2024-07-29,od,0.1003,0.1034,0.0856,0.1004,0.0965,0.0095
72,2024-09-15,ph,0.122,0.0396,0.0733,0.0598,0.0576,0.017
72,2024-09-15,od,0.644,0.1292,0.1236,0.2088,0.1539,0.0476
72,2024-09-16,ph,0.0465,0.043,0.0426,0.0417,0.0424,0.0007
72,2024-09-16,od,0.1636,0.2025,0.2139,0.1976,0.2047,0.0083
72,2024-09-17,ph,0.1377,0.0624,0.0703,0.075,0.0692,0.0064
72,2024-09-17,od,0.8721,0.0854,0.1061,0.103,0.0982,0.0112
72,2024-09-18,ph,0.0837,0.068,0.0657,0.0687,0.0675,0.0016
72,2024-09-18,od,0.1722,0.2782,0.0909,0.1089,0.1593,0.1033
72,2024-09-19,ph,0.0985,0.0544,0.0528,0.0549,0.054,0.0011
72,2024-09-19,od,0.1917,0.1914,0.3114,0.1923,0.2317,0.069
72,2024-09-20,ph,0.0521,0.0371,0.0328,0.0353,0.0351,0.0022
72,2024-09-20,od,0.1607,0.1653,0.0488,0.0782,0.0975,0.0606
72,2024-09-21,ph,0.0703,0.0615,0.0572,0.0596,0.0594,0.0021
72,2024-09-21,od,0.2793,0.0791,0.1526,0.1592,0.1303,0.0445
72,2024-09-22,ph,0.1079,0.0571,0.0561,0.0546,0.0559,0.0013
72,2024-09-22,od,0.2658,0.0814,0.0908,0.0887,0.087,0.0049
72,2024-09-23,ph,0.083,0.0716,0.0576,0.0582,0.0625,0.0079
72,2024-09-23,od,0.0512,0.0928,0.2433,0.1241,0.1534,0.0794
72,2024-09-24,ph,0.0628,0.0427,0.0293,0.0432,0.0384,0.0079
72,2024-09-24,od,0.0828,0.1945,0.1002,0.0565,0.1171,0.0705
72,2024-11-20,ph,0.0186,0.025,0.0195,0.0248,0.0231,0.0031
72,2024-11-20,od,0.1188,0.2674,0.1238,0.0978,0.163,0.0913
72,2024-12-13,ph,0.0311,0.0227,0.0145,0.0301,0.0224,0.0078
72,2024-12-13,od,0.1474,0.1093,0.1594,0.1467,0.1385,0.0261
72,2024-12-14,ph,0.0412,0.016,0.037,0.0191,0.024,0.0113
72,2024-12-14,od,0.2881,0.23,0.1534,0.1654,0.1829,0.0412
72,2024-12-15,ph,0.0714,0.0273,0.023,0.0357,0.0286,0.0065
72,2024-12-15,od,0.2217,0.1872,0.3789,0.2569,0.2743,0.097
72,2024-12-16,ph,0.025,0.0199,0.0207,0.0181,0.0196,0.0014
72,2024-12-16,od,0.1979,0.097,0.0484,0.051,0.0655,0.0274
72,2024-12-17,ph,0.0257,0.0246,0.0212,0.0325,0.0261,0.0058
72,2024-12-17,od,0.1207,0.1576,0.2177,0.2404,0.2052,0.0428
72,2024-12-18,ph,0.0269,0.0207,0.0221,0.0235,0.0221,0.0014
72,2024-12-18,od,0.2354,0.1627,0.1146,0.0645,0.1139,0.0491
72,2024-12-19,ph,0.0293,0.027,0.0241,0.031,0.0274,0.0035
72,2024-12-19,od,0.0593,0.1375,0.0757,0.0718,0.095,0.0368
72,2024-12-20,ph,0.0367,0.041,0.0368,0.0472,0.0417,0.0052
72,2024-12-20,od,0.3225,0.3006,0.2115,0.1664,0.2261,0.0683
72,2024-12-21,ph,0.1517,0.0598,0.0777,0.0803,0.0726,0.0112
72,2024-12-21,od,1.0404,0.4357,0.4398,0.3594,0.4116,0.0453
72,2024-12-22,ph,0.0411,0.0346,0.0387,0.0345,0.0359,0.0024
72,2024-12-22,od,0.319,0.1951,0.2253,0.3427,0.2543,0.078
288,2022-07-20,ph,0.0227,0.0233,0.0229,0.0191,0.0218,0.0023
288,2022-07-20,od,0.0899,0.0583,0.1571,0.0655,0.0936,0.0551
288,2022-07-21,ph,0.0231,0.0231,0.0311,0.0209,0.0251,0.0054
288,2022-07-21,od,0.0594,0.1125,0.051,0.0867,0.0834,0.0309
288,2022-07-22,ph,0.0252,0.0218,0.0209,0.0207,0.0211,0.0006
288,2022-07-22,od,0.2433,0.1225,0.0616,0.1019,0.0953,0.031
288,2022-07-23,ph,0.0294,0.0263,0.028,0.0269,0.0271,0.0008
288,2022-07-23,od,0.1477,0.0842,0.055,0.0792,0.0728,0.0156
288,2022-07-24,ph,0.026,0.0219,0.0245,0.0288,0.0251,0.0035
288,2022-07-24,od,0.0566,0.0894,0.0545,0.0801,0.0747,0.0181
288,2022-07-25,ph,0.029,0.0278,0.0249,0.0208,0.0245,0.0035
288,2022-07-25,od,0.0919,0.1636,0.126,0.1564,0.1487,0.02
288,2022-07-26,ph,0.0246,0.019,0.0204,0.0213,0.0203,0.0012
288,2022-07-26,od,0.0973,0.0488,0.0491,0.0403,0.0461,0.005
288,2022-07-27,ph,0.0297,0.0238,0.0229,0.0226,0.0231,0.0006
288,2022-07-27,od,0.1574,0.0874,0.1469,0.0986,0.111,0.0316
288,2022-07-28,ph,0.2538,0.2548,0.2576,0.2465,0.253,0.0058
288,2022-07-28,od,0.1791,0.0836,0.1236,0.101,0.1027,0.0201
288,2022-07-29,ph,0.2024,0.0406,0.0283,0.025,0.0313,0.0082
288,2022-07-29,od,0.2647,0.1137,0.1922,0.1145,0.1401,0.0451
288,2023-01-18,ph,0.0517,0.0357,0.037,0.0388,0.0372,0.0015
288,2023-01-18,od,0.072,0.0704,0.0768,0.122,0.0897,0.0281
288,2023-01-19,ph,0.0271,0.0301,0.0256,0.024,0.0266,0.0032
288,2023-01-19,od,0.0347,0.0725,0.0592,0.0689,0.0669,0.0069
288,2023-01-20,ph,0.0475,0.0265,0.0212,0.0232,0.0236,0.0027
288,2023-01-20,od,0.0825,0.0969,0.0698,0.1378,0.1015,0.0342
288,2023-01-21,ph,0.038,0.0239,0.0225,0.0249,0.0237,0.0012
288,2023-01-21,od,0.1225,0.0819,0.0999,0.0858,0.0892,0.0095
288,2023-01-22,ph,0.021,0.012,0.0106,0.0098,0.0108,0.0011
288,2023-01-22,od,0.0309,0.0834,0.1211,0.1078,0.1041,0.0191
288,2023-01-23,ph,0.0183,0.0195,0.0162,0.0177,0.0178,0.0017
288,2023-01-23,od,0.0935,0.0709,0.0689,0.0777,0.0725,0.0046
288,2023-01-24,ph,0.0347,0.029,0.0202,0.0221,0.0238,0.0046
288,2023-01-24,od,0.063,0.061,0.0589,0.0663,0.062,0.0038
288,2023-01-25,ph,0.0132,0.0145,0.0127,0.0136,0.0136,0.0009
288,2023-01-25,od,0.091,0.1789,0.1184,0.1689,0.1554,0.0324
288,2023-01-26,ph,0.0203,0.0159,0.0201,0.0146,0.0168,0.0029
288,2023-01-26,od,0.072,0.1843,0.1585,0.1499,0.1642,0.0179
288,2023-01-27,ph,0.0158,0.0159,0.017,0.0156,0.0162,0.0007
288,2023-01-27,od,0.0386,0.171,0.1351,0.1387,0.1483,0.0197
288,2024-04-19,ph,0.0262,0.0208,0.0189,0.0207,0.0202,0.0011
288,2024-04-19,od,0.3019,0.2474,0.2436,0.2321,0.2411,0.008
288,2024-04-20,ph,0.0623,0.0394,0.0381,0.0403,0.0393,0.0011
288,2024-04-20,od,0.2474,0.0516,0.0576,0.047,0.0521,0.0053
288,2024-04-21,ph,0.0226,0.0165,0.0217,0.018,0.0188,0.0027
288,2024-04-21,od,0.0525,0.0745,0.0492,0.1333,0.0857,0.0432
288,2024-04-22,ph,0.0238,0.0162,0.0189,0.0184,0.0179,0.0014
288,2024-04-22,od,0.0403,0.0698,0.078,0.0481,0.0653,0.0154
288,2024-04-23,ph,0.0327,0.0296,0.0343,0.0368,0.0336,0.0037
288,2024-04-23,od,0.0287,0.0895,0.0856,0.0961,0.0904,0.0053
288,2024-04-24,ph,0.024,0.0247,0.0287,0.0248,0.026,0.0023
288,2024-04-24,od,0.0421,0.1068,0.0617,0.0701,0.0796,0.024
288,2024-04-25,ph,0.0255,0.0292,0.0265,0.0208,0.0255,0.0043
288,2024-04-25,od,0.178,0.2412,0.2044,0.2219,0.2225,0.0184
288,2024-04-26,ph,0.0263,0.0207,0.019,0.0184,0.0194,0.0012
288,2024-04-26,od,0.2024,0.1551,0.1086,0.1419,0.1352,0.024
288,2024-04-27,ph,0.018,0.0149,0.0142,0.0168,0.0153,0.0013
288,2024-04-27,od,0.0495,0.0862,0.0478,0.0638,0.0659,0.0193
288,2024-04-28,ph,0.0207,0.0188,0.0195,0.0182,0.0188,0.0006
288,2024-04-28,od,0.0424,0.0439,0.0497,0.0434,0.0456,0.0035
288,2024-07-20,ph,0.0224,0.0235,0.0244,0.0183,0.0221,0.0033
288,2024-07-20,od,0.1723,0.2825,0.2761,0.2702,0.2763,0.0061
288,2024-07-21,ph,0.0392,0.0235,0.0301,0.0178,0.0238,0.0062
288,2024-07-21,od,0.2109,0.0888,0.1266,0.1171,0.1108,0.0197
288,2024-07-22,ph,0.0733,0.0626,0.0586,0.0677,0.063,0.0046
288,2024-07-22,od,0.1255,0.0868,0.1133,0.0834,0.0945,0.0164
288,2024-07-23,ph,0.0951,0.0436,0.0371,0.0284,0.0364,0.0077
288,2024-07-23,od,0.1972,0.4711,0.3064,0.4048,0.3941,0.0829
288,2024-07-24,ph,0.0181,0.0336,0.033,0.0403,0.0356,0.004
288,2024-07-24,od,0.1232,0.1018,0.1444,0.1413,0.1292,0.0237
288,2024-07-25,ph,0.0213,0.0206,0.0214,0.0246,0.0222,0.0021
288,2024-07-25,od,0.0627,0.1092,0.1134,0.1383,0.1203,0.0157
288,2024-07-26,ph,0.0338,0.0185,0.0238,0.0254,0.0226,0.0036
288,2024-07-26,od,0.1184,0.3224,0.196,0.3099,0.2761,0.0697
288,2024-07-27,ph,0.0303,0.0295,0.0346,0.037,0.0337,0.0038
288,2024-07-27,od,0.0989,0.1724,0.1023,0.146,0.1402,0.0354
288,2024-07-28,ph,0.0368,0.0305,0.0316,0.0514,0.0378,0.0118
288,2024-07-28,od,0.1378,0.1232,0.1609,0.1247,0.1363,0.0214
288,2024-07-29,ph,0.0223,0.0261,0.0255,0.0386,0.0301,0.0074
288,2024-07-29,od,0.0839,0.0662,0.0705,0.0728,0.0698,0.0033
288,2024-09-15,ph,0.0863,0.0815,0.0732,0.078,0.0776,0.0042
288,2024-09-15,od,0.2503,0.2188,0.3371,0.2358,0.2639,0.064
288,2024-09-16,ph,0.0575,0.0508,0.051,0.0512,0.051,0.0002
288,2024-09-16,od,0.0865,0.2148,0.3065,0.2943,0.2719,0.0498
288,2024-09-17,ph,0.0737,0.0463,0.0694,0.0613,0.059,0.0117
288,2024-09-17,od,0.4317,0.4096,0.3405,0.4232,0.3911,0.0444
288,2024-09-18,ph,0.0687,0.067,0.0485,0.0539,0.0564,0.0095
288,2024-09-18,od,0.1765,0.1846,0.1935,0.1657,0.1812,0.0142
288,2024-09-19,ph,0.0693,0.1074,0.0858,0.0803,0.0912,0.0143
288,2024-09-19,od,0.1365,0.1343,0.2337,0.134,0.1673,0.0575
288,2024-09-20,ph,0.0614,0.0849,0.056,0.0591,0.0667,0.0158
288,2024-09-20,od,0.1759,0.2218,0.1433,0.1148,0.16,0.0554
288,2024-09-21,ph,0.0645,0.0511,0.0507,0.0562,0.0527,0.0031
288,2024-09-21,od,0.261,0.2209,0.0973,0.1448,0.1543,0.0624
288,2024-09-22,ph,0.0927,0.0626,0.0698,0.0659,0.0661,0.0036
288,2024-09-22,od,0.2546,0.1175,0.1118,0.1087,0.1127,0.0044
288,2024-09-23,ph,0.0647,0.0765,0.072,0.0806,0.0764,0.0043
288,2024-09-23,od,0.1393,0.1692,0.0922,0.128,0.1298,0.0385
288,2024-09-24,ph,0.053,0.0519,0.0421,0.0481,0.0474,0.005
288,2024-09-24,od,0.0699,0.2239,0.0977,0.1271,0.1496,0.066
288,2024-11-20,ph,0.0156,0.0159,0.0187,0.0195,0.018,0.0019
288,2024-11-20,od,0.0985,0.1481,0.1528,0.1339,0.1449,0.0098
288,2024-12-13,ph,0.0275,0.0434,0.0531,0.0365,0.0443,0.0083
288,2024-12-13,od,0.112,0.1178,0.144,0.1036,0.1218,0.0205
288,2024-12-14,ph,0.0193,0.0539,0.0395,0.0408,0.0447,0.008
288,2024-12-14,od,0.102,0.1506,0.1153,0.2007,0.1555,0.0429
288,2024-12-15,ph,0.0425,0.0384,0.0342,0.048,0.0402,0.0071
288,2024-12-15,od,0.1886,0.2299,0.242,0.1609,0.211,0.0437
288,2024-12-16,ph,0.0311,0.0309,0.0276,0.0256,0.028,0.0026
288,2024-12-16,od,0.2807,0.3099,0.349,0.4628,0.3739,0.0794
288,2024-12-17,ph,0.0249,0.0262,0.0246,0.0319,0.0276,0.0039
288,2024-12-17,od,0.0746,0.3946,0.2855,0.2938,0.3247,0.0607
288,2024-12-18,ph,0.0192,0.0191,0.0187,0.0207,0.0195,0.001
288,2024-12-18,od,0.1753,0.2168,0.1726,0.0951,0.1615,0.0616
288,2024-12-19,ph,0.0242,0.0306,0.0306,0.0261,0.0291,0.0026
288,2024-12-19,od,0.0671,0.1691,0.1693,0.1073,0.1486,0.0357
288,2024-12-20,ph,0.0343,0.0355,0.0371,0.0349,0.0358,0.0011
288,2024-12-20,od,0.1935,0.1696,0.1337,0.0989,0.1341,0.0353
288,2024-12-21,ph,0.0768,0.076,0.0862,0.0738,0.0787,0.0066
288,2024-12-21,od,0.8099,0.5007,0.5774,0.5772,0.5518,0.0442
288,2024-12-22,ph,0.0811,0.0323,0.0381,0.0331,0.0345,0.0031
288,2024-12-22,od,0.5506,0.1796,0.1912,0.2225,0.1978,0.0222
